City,Cloudiness,Country,Date,Humidity,Lat,Lng,Max Temp,Wind Speed
Cherskiy,94.0,RU,1567296559,71.0,68.75,161.3,36.80,2.49
Katsuura,75.0,JP,1567296560,88.0,33.93,134.5,77.00,2.6
Kodinar,66.0,IN,1567296560,92.0,20.79,70.7,78.92,3.23
Vaini,100.0,IN,1567296560,96.0,15.34,74.49,75.14,1.94
Jerome,1.0,US,1567296560,13.0,34.75,-112.11,100.00,4.1
Georgetown,20.0,GY,1567296363,78.0,6.8,-58.16,82.40,5.1
Ardatov,60.0,RU,1567296561,78.0,55.24,43.1,54.62,1.81
Ormara,24.0,PK,1567296288,85.0,25.21,64.64,81.08,2.72
Ancud,90.0,CL,1567296563,70.0,-41.87,-73.83,46.40,2.6
Rikitea,82.0,PF,1567296563,85.0,-23.12,-134.97,73.52,7.92
Cape Town,75.0,ZA,1567296564,81.0,-33.93,18.42,55.99,4.6
Saskylakh,20.0,RU,1567296564,62.0,71.97,114.09,44.18,0.97
Iglesias,90.0,ES,1567296564,93.0,42.3,-3.99,66.00,6.2
Amahai,83.0,ID,1567296564,77.0,-3.31,129.0,76.22,6.52
Lumeje,67.0,AO,1567296565,53.0,-11.56,20.78,67.94,1.72
Vrangel,0.0,RU,1567296565,66.0,42.73,133.08,70.10,0.45
Arraial do Cabo,0.0,BR,1567296565,77.0,-22.97,-42.02,74.24,5.32
Springbok,0.0,ZA,1567296565,83.0,-29.67,17.88,44.36,1.64
Esperance,0.0,AU,1567296566,81.0,-33.86,121.89,48.20,5.7
Aransas Pass,1.0,US,1567296333,59.0,27.91,-97.15,89.60,5.7
Cam Ranh,40.0,VN,1567296567,83.0,11.92,109.15,82.40,0.5
Hermanus,69.0,ZA,1567296567,78.0,-34.42,19.24,57.00,2.24
Benjamin Hill,60.0,MX,1567296568,53.0,30.17,-111.1,90.00,2.68
Vestmannaeyjar,100.0,IS,1567296317,84.0,63.44,-20.27,46.88,3.55
Carnarvon,0.0,ZA,1567296569,54.0,-30.97,22.13,41.12,2.58
Hamilton,75.0,CA,1567296374,59.0,43.26,-79.87,68.00,2.6
Port Blair,100.0,IN,1567296570,81.0,11.67,92.75,81.98,11.45
Boyolangu,76.0,ID,1567296570,81.0,-8.09,111.9,69.92,2.61
Avarua,94.0,CK,1567296497,64.0,-21.21,-159.78,71.60,1.5
Zenzeli,95.0,RU,1567296571,51.0,45.92,47.05,59.12,2.44
Vila Franca do Campo,20.0,PT,1567296572,88.0,37.72,-25.43,71.60,3.1
Atuona,27.0,PF,1567296572,76.0,-9.8,-139.03,78.92,6.96
Lusambo,25.0,CD,1567296573,94.0,-4.97,23.44,68.84,0.42
Matagami,94.0,NG,1567296573,97.0,9.67,8.4,68.12,1.65
Bluff,0.0,AU,1567296573,56.0,-23.58,149.07,68.84,1.7
Ushuaia,75.0,AR,1567296466,86.0,-54.81,-68.31,33.80,10.3
Tasiilaq,0.0,GL,1567296574,60.0,65.61,-37.64,41.00,3.1
Juneau,75.0,US,1567296469,42.0,58.3,-134.42,66.20,4.6
Mataura,1.0,NZ,1567296575,73.0,-46.19,168.86,55.99,4.47
Butaritari,88.0,KI,1567296575,74.0,3.07,172.79,84.68,4.93
Jamestown,35.0,AU,1567296508,72.0,-33.21,138.6,56.78,6.07
Karwar,100.0,IN,1567296578,87.0,14.8,74.13,78.20,3.62
Uzhur,66.0,RU,1567296579,90.0,55.32,89.85,55.70,3.34
Dikson,85.0,RU,1567296579,92.0,73.51,80.55,40.58,3.06
Albany,1.0,US,1567296303,55.0,42.65,-73.75,69.01,3.6
Oranjemund,0.0,ZA,1567296580,80.0,-28.55,16.43,55.16,10.05
Shingu,75.0,JP,1567296580,83.0,33.72,135.99,78.80,0.5
Sao Jose da Coroa Grande,1.0,BR,1567296581,95.0,-8.9,-35.15,68.84,1.44
Qaanaaq,80.0,GL,1567296581,47.0,77.48,-69.36,39.68,2.14
New Norfolk,75.0,AU,1567296581,66.0,-42.78,147.06,57.00,2.6
Tommot,1.0,RU,1567296582,74.0,58.97,126.27,54.80,0.36
San Patricio,58.0,PY,1567296582,66.0,-26.98,-56.83,57.14,3.38
Norman Wells,40.0,CA,1567296582,54.0,65.28,-126.83,53.60,4.6
Udachnyy,0.0,RU,1567296582,76.0,66.42,112.4,50.00,1.0
Tiksi,14.0,RU,1567296583,67.0,71.64,128.87,44.72,1.01
Bambous Virieux,40.0,MU,1567296583,73.0,-20.34,57.76,71.60,5.7
Punta Arenas,20.0,CL,1567296583,64.0,-53.16,-70.91,39.20,8.7
Mecca,25.0,SA,1567296324,70.0,21.43,39.83,81.98,1.51
Velyka Lepetykha,0.0,UA,1567296584,43.0,47.18,33.94,66.32,1.61
Aksarka,100.0,RU,1567296584,91.0,66.56,67.8,47.60,8.84
Yulara,0.0,AU,1567296584,19.0,-25.24,130.99,60.80,2.6
Mar del Plata,42.0,AR,1567296307,51.0,-46.43,-67.52,39.86,3.82
Lucea,40.0,JM,1567296585,74.0,18.44,-78.17,86.00,1.0
Chapais,20.0,CA,1567296585,57.0,49.78,-74.86,51.80,3.6
Roshchino,75.0,RU,1567296586,100.0,55.31,61.27,44.60,3.0
Vanimo,60.0,PG,1567296586,75.0,-2.67,141.3,81.62,3.85
Bredasdorp,6.0,ZA,1567296586,62.0,-34.53,20.04,57.00,4.6
Bethlehem,1.0,US,1567296586,46.0,40.62,-75.38,75.20,2.1
Nikolskoye,0.0,RU,1567296587,87.0,59.7,30.79,53.01,2.0
Pevek,100.0,RU,1567296587,90.0,69.7,170.27,35.72,3.95
Khatanga,64.0,RU,1567296587,53.0,71.98,102.47,45.62,2.98
Coquimbo,0.0,CL,1567296587,87.0,-29.95,-71.34,51.80,4.1
Mount Pleasant,1.0,US,1567296588,58.0,33.16,-94.97,88.00,1.34
Kusa,100.0,RU,1567296588,98.0,55.34,59.45,40.58,2.63
Thompson,90.0,CA,1567296588,81.0,55.74,-97.86,53.60,5.1
Goderich,93.0,CA,1567296589,69.0,43.74,-81.71,64.99,1.79
Sobolevo,27.0,RU,1567296589,95.0,54.43,31.9,53.18,2.3
Baiyin,0.0,CN,1567296589,100.0,36.55,104.13,48.20,2.0
Aksu,40.0,KZ,1567296590,87.0,52.04,76.93,48.20,5.0
Gravdal,88.0,NO,1567296590,82.0,59.79,5.78,59.00,11.3
Airai,69.0,TL,1567296590,37.0,-8.93,125.41,78.92,0.22
Amapa,20.0,HN,1567296590,59.0,15.09,-87.97,89.60,6.2
Makinsk,95.0,KZ,1567296591,92.0,52.63,70.42,44.18,4.33
San Andres,100.0,PH,1567296591,94.0,13.32,122.68,74.78,0.27
Ayagoz,18.0,KZ,1567296591,48.0,47.96,80.43,49.58,1.15
Matay,0.0,EG,1567296591,72.0,28.42,30.79,73.16,5.1
Bien Hoa,40.0,VN,1567296592,100.0,10.95,106.82,78.80,2.1
Faanui,95.0,PF,1567296592,80.0,-16.48,-151.75,75.50,7.4
Bonthe,100.0,SL,1567296592,94.0,7.53,-12.5,74.78,3.28
Berlevag,33.0,NO,1567296593,83.0,70.86,29.09,52.64,4.46
Ixtapa,40.0,MX,1567296593,66.0,20.71,-105.21,91.40,4.6
Sabaudia,0.0,IT,1567296594,69.0,41.3,13.03,75.99,1.5
Nanortalik,83.0,GL,1567296594,81.0,60.14,-45.24,44.90,0.2
Nantucket,1.0,US,1567296407,77.0,41.28,-70.1,69.80,4.03
Upernavik,42.0,GL,1567296594,66.0,72.79,-56.15,43.82,0.68
Samarai,97.0,PG,1567296595,70.0,-10.62,150.67,77.30,4.72
Ponta do Sol,86.0,BR,1567296595,41.0,-20.63,-46.0,73.70,1.48
Barrow,100.0,AR,1567296595,51.0,-38.31,-60.23,44.90,3.29
Alofi,70.0,NU,1567296595,61.0,-19.06,-169.92,77.00,7.7
Touros,0.0,BR,1567296479,94.0,-5.2,-35.46,75.20,1.5
Yellowknife,75.0,CA,1567296458,57.0,62.45,-114.38,50.00,2.6
Mahebourg,40.0,MU,1567296596,73.0,-20.41,57.7,71.60,5.7
Liverpool,20.0,GB,1567296597,87.0,53.41,-2.98,55.99,6.2
Nome,1.0,US,1567296582,78.0,30.04,-94.42,87.80,2.35
Port Elizabeth,1.0,US,1567296597,73.0,39.31,-74.98,78.01,3.1
Saint-Philippe,90.0,CA,1567296598,63.0,45.36,-73.48,68.00,1.5
Abu Samrah,0.0,SY,1567296598,73.0,35.3,37.18,71.36,3.37
Dudinka,0.0,RU,1567296598,87.0,69.41,86.18,50.00,5.0
Vestmanna,100.0,FO,1567296334,81.0,62.16,-7.17,46.40,9.8
Pareora,0.0,NZ,1567296599,38.0,-44.49,171.21,63.00,1.79
Lebu,40.0,ET,1567296599,93.0,8.96,38.73,55.40,3.1
Mount Gambier,40.0,AU,1567296599,87.0,-37.83,140.78,53.60,6.7
Port Alfred,0.0,ZA,1567296600,63.0,-33.59,26.89,60.01,4.02
Punta Umbria,0.0,ES,1567296600,66.0,37.18,-6.97,73.99,0.89
Yar-Sale,100.0,RU,1567296316,84.0,66.83,70.83,48.32,8.02
Vardo,1.0,US,1567296600,61.0,39.62,-77.74,79.00,2.91
Mansa,40.0,IN,1567296601,94.0,23.43,72.66,82.40,2.6
Tuatapere,24.0,NZ,1567296601,73.0,-46.13,167.69,55.99,4.47
Kapaa,40.0,US,1567296601,62.0,22.08,-159.32,89.60,6.2
Hobart,75.0,AU,1567296469,66.0,-42.88,147.33,60.01,2.6
Egvekinot,100.0,RU,1567296602,77.0,66.32,-179.17,46.70,2.28
Maraba,0.0,BR,1567296602,61.0,-5.35,-49.1,82.40,0.86
Skjervoy,76.0,NO,1567296603,82.0,70.03,20.97,52.82,3.68
Berdigestyakh,63.0,RU,1567296603,68.0,62.1,126.7,53.36,2.59
Denpasar,40.0,ID,1567296603,88.0,-8.65,115.22,75.20,5.7
Sinnamary,13.0,GF,1567296604,80.0,5.38,-52.96,81.62,7.81
Hilo,90.0,US,1567296604,58.0,19.71,-155.08,87.80,4.1
Gananoque,1.0,CA,1567296604,63.0,44.33,-76.16,68.00,1.5
Beaufort,75.0,MY,1567296605,88.0,5.36,115.76,80.60,0.5
Sambava,26.0,MG,1567296605,94.0,-14.27,50.17,62.54,1.74
Ishinomaki,75.0,JP,1567296606,69.0,38.42,141.3,77.00,1.5
Dongkan,67.0,CN,1567296606,78.0,34.0,119.83,72.62,2.18
Lira,27.0,UG,1567296606,95.0,2.25,32.9,62.72,1.28
Victoria,75.0,BN,1567296551,88.0,5.28,115.24,80.60,0.5
Longyearbyen,75.0,NO,1567296607,93.0,78.22,15.63,42.80,1.0
Ahipara,100.0,NZ,1567296607,84.0,-35.17,173.16,64.99,1.36
Bereda,90.0,ES,1567296607,88.0,43.27,-7.54,63.00,1.0
Russkaya Polyana,100.0,RU,1567296608,86.0,53.78,73.88,48.14,5.03
Jalu,0.0,LY,1567296608,36.0,29.03,21.55,75.14,5.16
Los Llanos de Aridane,75.0,ES,1567296608,73.0,28.66,-17.92,77.00,7.2
Tuktoyaktuk,90.0,CA,1567296593,75.0,69.44,-133.03,41.00,3.1
Pyu,100.0,MM,1567296609,99.0,18.48,96.43,70.46,1.3
Axim,100.0,GH,1567296609,92.0,4.87,-2.24,75.32,5.53
Praia,0.0,BR,1567296609,49.0,-20.25,-43.81,73.40,1.01
Vao,89.0,EE,1567296609,93.0,59.1,26.19,55.88,1.76
San-Pedro,93.0,CI,1567296610,97.0,4.75,-6.64,72.26,1.62
Faya,0.0,SA,1567296610,58.0,18.39,42.45,69.80,1.33
Aloleng,100.0,PH,1567296610,82.0,16.13,119.78,81.08,8.94
Saint George,20.0,GR,1567296611,68.0,39.45,22.34,69.80,0.37
Narsaq,100.0,GL,1567296611,61.0,60.91,-46.05,50.00,2.1
Hangu,20.0,PK,1567296614,58.0,33.53,71.06,86.00,3.1
Ewa Beach,40.0,US,1567296615,66.0,21.32,-158.01,91.40,3.6
Kodiak,1.0,US,1567296615,77.0,39.95,-94.76,75.20,2.6
Fortuna,0.0,ES,1567296616,78.0,38.18,-1.13,78.01,1.0
Mujiayingzi,40.0,CN,1567296616,49.0,42.12,118.78,65.42,4.49
Severo-Kurilsk,89.0,RU,1567296617,93.0,50.68,156.12,49.22,3.15
Astoria,90.0,US,1567296617,68.0,46.19,-123.83,80.01,7.2
Kedrovyy,90.0,RU,1567296617,100.0,56.17,91.82,57.20,1.0
Meadow Lake,40.0,CA,1567296618,52.0,54.13,-108.44,64.40,4.1
Brae,99.0,GB,1567296619,93.0,60.4,-1.35,51.80,7.2
Zatoka,0.0,PL,1567296619,88.0,50.04,20.52,68.00,1.5
Ashdod,75.0,IL,1567296620,78.0,31.8,34.65,78.80,3.6
Nyurba,68.0,RU,1567296620,86.0,63.29,118.35,57.32,1.02
Vostok,36.0,RU,1567296620,81.0,46.45,135.83,61.28,1.89
Ternate,75.0,PH,1567296620,94.0,14.29,120.72,84.99,1.0
Port Hardy,90.0,CA,1567296621,88.0,50.7,-127.42,64.40,1.5
Thinadhoo,65.0,MV,1567296332,77.0,0.53,72.93,82.34,5.34
Urengoy,63.0,RU,1567296621,96.0,65.96,78.37,48.14,3.59
Dinar,0.0,TR,1567296622,48.0,38.07,30.16,68.00,3.1
Minab,16.0,IR,1567296386,79.0,27.15,57.07,89.60,1.0
Puerto Ayora,75.0,EC,1567296623,69.0,-0.74,-90.35,77.00,2.1
Tyukhtet,83.0,RU,1567296623,85.0,56.54,89.31,56.78,5.31
East London,0.0,ZA,1567296624,76.0,-33.02,27.91,47.78,3.76
Namibe,45.0,AO,1567296624,83.0,-15.19,12.15,65.06,1.61
Tigil,33.0,RU,1567296624,60.0,57.8,158.67,55.88,1.83
Kharovsk,74.0,RU,1567296624,94.0,59.95,40.21,56.96,1.46
Malindi,19.0,KE,1567296624,91.0,-3.22,40.12,71.54,2.35
Beringovskiy,100.0,RU,1567296625,94.0,63.05,179.32,46.70,3.92
Mariestad,26.0,SE,1567296625,88.0,58.71,13.82,66.99,3.6
Jiangdu,100.0,CN,1567296625,86.0,32.43,119.56,73.99,2.37
Praia da Vitoria,20.0,PT,1567296626,88.0,38.73,-27.07,71.60,5.74
Cabo San Lucas,75.0,MX,1567296200,70.0,22.89,-109.91,90.00,2.03
Acapulco,90.0,MX,1567296627,70.0,16.86,-99.88,86.00,4.6
Baruun-Urt,61.0,MN,1567296627,48.0,46.68,113.28,64.70,2.8
Pisco,0.0,PE,1567296627,30.0,-13.71,-76.2,71.60,6.7
Iqaluit,90.0,CA,1567296628,81.0,63.75,-68.52,50.00,4.6
Umm Lajj,0.0,SA,1567296628,72.0,25.02,37.27,85.58,4.64
Umm Kaddadah,0.0,SD,1567296628,51.0,13.6,26.69,84.86,6.78
Halifax,40.0,CA,1567296411,55.0,44.65,-63.58,66.99,4.1
Busselton,41.0,AU,1567296629,57.0,-33.64,115.35,61.00,15.27
Saldanha,0.0,PT,1567296629,64.0,41.42,-6.55,68.30,1.08
San Angelo,65.0,US,1567296593,36.0,31.46,-100.44,93.00,2.24
Richards Bay,6.0,ZA,1567296429,62.0,-28.77,32.06,68.66,8.66
Solenzo,19.0,BF,1567296630,85.0,12.18,-4.08,73.52,1.37
Avera,1.0,US,1567296630,83.0,33.19,-82.53,87.80,2.1
Codrington,0.0,AU,1567296630,72.0,-28.95,153.24,66.99,0.67
Chuy,31.0,UY,1567296630,72.0,-33.69,-53.46,50.84,2.9
Luderitz,0.0,NA,1567296631,54.0,-26.65,15.16,57.20,7.2
Kokopo,99.0,PG,1567296631,56.0,-4.34,152.27,85.76,0.89
Luanda,61.0,AO,1567296427,88.0,-8.83,13.24,71.60,3.1
Rafai,98.0,CF,1567296631,99.0,4.95,23.92,68.66,0.63
North Platte,40.0,US,1567296632,58.0,41.12,-100.77,82.99,4.26
Sabha,2.0,LY,1567296632,17.0,27.03,14.43,86.66,3.13
Wuxue,100.0,CN,1567296632,79.0,29.85,115.56,73.16,0.96
Ballina,50.0,IE,1567296633,91.0,54.11,-9.15,54.00,0.89
Provideniya,100.0,RU,1567296633,90.0,64.42,-173.23,46.34,3.55
Tabas,0.0,IR,1567296633,22.0,33.6,56.92,80.60,2.1
Ambunti,83.0,PG,1567296634,89.0,-4.22,142.82,78.56,0.8
Antalaha,21.0,MG,1567296634,95.0,-14.9,50.28,60.02,1.83
Zell am See,88.0,AT,1567296634,90.0,47.32,12.8,62.01,0.45
Cap Malheureux,40.0,MU,1567296634,73.0,-19.98,57.61,71.60,5.7
Le Port,74.0,FR,1567296635,82.0,42.87,1.37,69.01,1.51
Maniitsoq,81.0,GL,1567296635,59.0,65.42,-52.9,45.62,3.98
Peleduy,38.0,RU,1567296635,80.0,59.63,112.75,53.72,1.61
Port Hedland,83.0,AU,1567296635,83.0,-20.31,118.58,69.80,3.1
Katangli,100.0,RU,1567296636,92.0,51.71,143.23,55.52,4.44
Horki,13.0,BY,1567296636,95.0,54.29,30.98,54.62,1.98
Kloulklubed,75.0,PW,1567296637,83.0,7.04,134.26,80.60,4.6
Caravelas,0.0,BR,1567296637,84.0,-17.73,-39.27,71.90,4.2
Poco Verde,34.0,BR,1567296535,91.0,-10.71,-38.18,63.62,3.16
Chernyshevskiy,19.0,RU,1567296638,80.0,63.01,112.47,54.98,0.38
Pasighat,96.0,IN,1567296638,73.0,28.06,95.33,73.34,1.54
Honiara,75.0,SB,1567296638,83.0,-9.43,159.96,82.40,1.5
Rodrigues Alves,40.0,BR,1567296638,88.0,-7.74,-72.65,77.00,0.19
Vega de Alatorre,79.0,MX,1567296639,69.0,20.03,-96.65,80.90,1.64
Coahuayana,100.0,MX,1567296639,77.0,18.62,-100.35,81.26,0.66
Constitucion,90.0,MX,1567296639,82.0,23.99,-104.67,66.00,2.1
Salalah,75.0,OM,1567296639,83.0,17.01,54.1,80.60,0.5
Bontang,79.0,ID,1567296640,86.0,0.12,117.47,77.12,1.63
Banda Aceh,100.0,ID,1567296640,77.0,5.56,95.32,82.34,8.39
Miles City,1.0,US,1567296477,28.0,46.41,-105.84,84.99,1.5
Kaitangata,30.0,NZ,1567296641,48.0,-46.28,169.85,60.01,3.58
Lavrentiya,100.0,RU,1567296641,79.0,65.58,-170.99,51.02,2.08
Kavieng,56.0,PG,1567296642,79.0,-2.57,150.8,82.16,5.87
Cidreira,65.0,BR,1567296642,83.0,-30.17,-50.22,57.32,3.95
Hami,100.0,CN,1567296642,11.0,42.84,93.51,84.86,4.97
Oyama,75.0,JP,1567296642,69.0,36.31,139.8,87.01,2.1
Camopi,51.0,GF,1567296643,72.0,3.17,-52.33,77.48,2.4
Beloha,0.0,MG,1567296643,40.0,-25.17,45.06,67.58,1.45
College,75.0,US,1567296643,52.0,64.86,-147.8,66.00,2.6
Trzebnica,0.0,PL,1567296643,77.0,51.31,17.06,72.00,0.5
Ust-Kuyga,2.0,RU,1567296644,41.0,70.0,135.55,48.68,3.06
Qaqortoq,100.0,GL,1567296644,61.0,60.72,-46.03,50.00,2.1
Mbekenyera,36.0,TZ,1567296644,90.0,-10.0,38.98,68.66,2.25
Tornio,0.0,FI,1567296645,93.0,61.12,27.27,55.40,2.1
Yashkul,91.0,RU,1567296645,26.0,46.17,45.34,64.70,2.58
Leh,21.0,IN,1567296645,60.0,34.16,77.58,45.80,2.52
Clyde River,90.0,CA,1567296646,93.0,70.47,-68.59,39.20,5.1
Talnakh,0.0,RU,1567296646,87.0,69.49,88.39,50.00,5.0
Kahului,40.0,US,1567296646,52.0,20.89,-156.47,91.40,6.7
Rayevskiy,59.0,RU,1567296646,93.0,54.07,54.94,38.42,3.06
Kruisfontein,45.0,ZA,1567296647,72.0,-34.0,24.73,51.20,5.19
Constantine,75.0,DZ,1567296647,93.0,36.36,6.61,66.20,2.6
Storforshei,89.0,NO,1567296647,93.0,66.4,14.52,55.00,2.09
Biak,100.0,ID,1567296648,95.0,-0.91,122.88,65.06,1.88
Sao Joao da Barra,0.0,BR,1567296648,83.0,-21.64,-41.05,73.40,5.1
Chimbote,93.0,PE,1567296648,91.0,-9.08,-78.59,59.30,6.96
Naze,100.0,NG,1567296649,95.0,5.43,7.07,73.70,1.0
Mbandaka,73.0,CD,1567296649,94.0,0.05,18.26,72.08,1.04
Vallenar,1.0,CL,1567296649,89.0,-28.58,-70.76,49.04,0.61
Bandarbeyla,17.0,SO,1567296650,74.0,9.49,50.81,75.86,10.78
Kuusamo,75.0,FI,1567296416,93.0,65.96,29.19,57.20,1.5
Sur,62.0,OM,1567296618,50.0,22.57,59.53,82.16,1.56
ChengDe,0.0,CN,1567296650,54.0,40.97,117.93,66.86,0.92
Pyapon,100.0,MM,1567296650,88.0,16.29,95.68,78.38,5.96
Pyinmana,97.0,MM,1567296651,97.0,19.74,96.21,72.44,3.3
Ust-Tsilma,0.0,RU,1567296651,96.0,65.44,52.15,35.54,1.17
Normandin,20.0,CA,1567296651,58.0,48.84,-72.53,57.20,3.6
Las Lomas,4.0,PE,1567296651,58.0,-4.66,-80.24,73.34,5.72
Yining,100.0,CN,1567296652,85.0,29.04,114.56,69.38,0.54
Torbay,20.0,CA,1567296568,88.0,47.66,-52.73,66.00,7.2
Geraldton,75.0,CA,1567296652,55.0,49.72,-86.95,64.40,1.5
Xacmaz,3.0,AZ,1567296653,87.0,41.46,48.81,56.06,0.94
Cesme,0.0,TR,1567296653,60.0,38.32,26.31,75.20,5.1
Joensuu,0.0,FI,1567296653,87.0,62.6,29.76,59.00,1.51
Buchanan,75.0,LR,1567296653,94.0,5.88,-10.05,77.00,4.68
Sao Filipe,100.0,CV,1567296654,85.0,14.9,-24.5,78.38,1.68
Kenai,90.0,US,1567296654,77.0,60.55,-151.26,61.00,3.1
Mugur-Aksy,45.0,RU,1567296655,83.0,50.38,90.44,41.30,1.48
Prainha,64.0,BR,1567296655,63.0,-1.8,-53.48,81.62,1.02
Lloydminster,75.0,CA,1567296592,67.0,53.28,-110.01,60.80,2.1
Nara,75.0,JP,1567296656,83.0,34.68,135.8,77.00,1.5
Barabai,14.0,ID,1567296656,72.0,-2.59,115.38,78.38,1.23
Solnechnyy,40.0,RU,1567296656,75.0,50.72,136.64,61.46,0.64
Mitsamiouli,0.0,KM,1567296656,71.0,-11.38,43.28,76.94,2.81
Vigrestad,75.0,NO,1567296656,82.0,58.57,5.7,59.00,6.7
Chachapoyas,39.0,PE,1567296657,80.0,-6.23,-77.87,54.80,2.14
Manono,0.0,CD,1567296657,64.0,-7.3,27.4,73.16,0.86
Ocos,75.0,GT,1567296657,94.0,14.51,-92.19,78.80,2.6
San Cristobal,86.0,HN,1567296657,58.0,14.68,-86.92,77.84,1.7
Hithadhoo,37.0,MV,1567296658,78.0,-0.6,73.08,82.52,6.24
Manacapuru,0.0,BR,1567296575,66.0,-3.3,-60.62,84.20,1.5
Mpongwe,10.0,ZM,1567296658,33.0,-13.51,28.16,62.36,1.75
Rabat,40.0,MA,1567296659,88.0,34.02,-6.83,71.01,2.11
Belaya Gora,13.0,RU,1567296659,46.0,68.54,146.19,47.78,4.41
Cockburn Town,34.0,TC,1567296659,79.0,21.46,-71.14,83.42,4.74
Callaway,1.0,US,1567296660,56.0,46.98,-95.91,71.60,3.6
Sitka,93.0,US,1567296570,68.0,37.17,-99.65,80.01,3.58
Tafalla,75.0,ES,1567296660,77.0,42.53,-1.67,71.01,2.6
Castro,90.0,CL,1567296660,70.0,-42.48,-73.76,46.40,2.6
Aklavik,75.0,CA,1567296661,61.0,68.22,-135.01,48.20,3.6
Hambantota,100.0,LK,1567296661,80.0,6.12,81.12,80.90,8.37
Ambon,0.0,FR,1567296661,93.0,47.55,-2.56,63.00,1.5
Liuhe,0.0,CN,1567296662,81.0,42.28,125.73,64.52,3.27
Aleksandrov Gay,2.0,RU,1567296663,64.0,50.14,48.57,51.74,2.5
Areosa,0.0,PT,1567296663,100.0,41.72,-8.86,66.00,10.36
Hasaki,75.0,JP,1567296664,83.0,35.73,140.83,80.60,2.6
Kangaatsiaq,0.0,GL,1567296368,57.0,68.31,-53.46,44.18,3.35
Jinxiang,37.0,CN,1567296665,76.0,35.07,116.31,73.16,1.82
Lompoc,75.0,US,1567296549,77.0,34.64,-120.46,86.00,4.1
Wilmington,1.0,US,1567296665,41.0,39.75,-75.55,79.00,2.1
Kafue,11.0,ZM,1567296666,33.0,-15.74,28.18,66.86,0.81
Margate,75.0,AU,1567296666,66.0,-43.03,147.26,57.00,2.6
Vila Velha,0.0,BR,1567296666,78.0,-3.71,-38.6,78.80,3.6
Tanout,35.0,NE,1567296667,31.0,14.97,8.88,91.52,3.94
Puerto Escondido,40.0,MX,1567296667,74.0,15.86,-97.07,86.00,3.1
Pangnirtung,100.0,CA,1567296668,79.0,66.15,-65.72,47.06,1.94
Requena,0.0,ES,1567296379,64.0,39.49,-1.1,77.00,1.5
Quepos,75.0,CR,1567296668,88.0,9.43,-84.16,73.00,1.0
Changzhou,100.0,CN,1567296668,79.0,31.81,119.97,73.99,3.4
Christchurch,0.0,NZ,1567296449,42.0,-43.53,172.64,68.00,0.5
Obo,63.0,CF,1567296669,96.0,5.39,26.49,67.94,0.7
Paamiut,100.0,GL,1567296669,87.0,61.99,-49.67,44.36,12.9
Pacific Grove,1.0,US,1567296669,31.0,36.62,-121.92,93.99,8.2
Walvis Bay,0.0,NA,1567296651,90.0,-22.95,14.51,51.01,4.02
Duncan,1.0,US,1567296420,58.0,34.5,-97.96,87.80,3.1
Henties Bay,0.0,NA,1567296670,90.0,-22.12,14.28,51.01,4.02
Xuanhua,21.0,CN,1567296671,52.0,40.61,115.04,66.14,0.67
Porto Novo,40.0,BR,1567296672,41.0,-23.68,-45.44,78.80,3.1
Kralendijk,20.0,BQ,1567296672,74.0,12.15,-68.27,84.20,8.2
Sassandra,83.0,CI,1567296672,96.0,4.95,-6.09,72.80,1.63
Rioja,77.0,PE,1567296672,98.0,-6.06,-77.17,51.56,0.78
Blankenburg,40.0,CH,1567296673,82.0,46.54,7.39,69.01,2.1
Turukhansk,38.0,RU,1567296673,87.0,65.8,87.96,49.76,2.33
Poum,19.0,MK,1567296673,58.0,41.28,20.71,58.94,1.39
Naples,0.0,IT,1567296435,69.0,40.84,14.25,80.01,0.5
Saint Anthony,1.0,US,1567296673,14.0,43.97,-111.68,86.00,4.6
Caceres,42.0,CO,1567296674,88.0,5.53,-74.53,69.02,1.75
Vila do Maio,75.0,CV,1567296674,88.0,15.13,-23.22,78.80,2.1
Shihezi,100.0,CN,1567296675,41.0,44.3,86.03,75.86,3.86
Belyy Yar,75.0,RU,1567296675,88.0,53.6,91.39,62.60,3.0
Srednekolymsk,97.0,RU,1567296675,49.0,67.46,153.71,42.74,0.96
Derzhavinsk,81.0,KZ,1567296676,75.0,51.1,66.31,44.54,3.19
Guerrero Negro,54.0,MX,1567296651,85.0,27.97,-114.04,69.20,5.54
Zambezi,81.0,ZM,1567296676,42.0,-13.55,23.12,71.90,2.0
Fairbanks,75.0,US,1567296567,52.0,64.84,-147.72,66.00,2.6
Herat,0.0,AF,1567296676,22.0,34.35,62.22,58.22,5.75
Itinga,0.0,BR,1567296647,58.0,-16.61,-41.77,67.76,1.62
Wewak,73.0,PG,1567296677,84.0,-3.55,143.63,78.38,1.8
Padang,32.0,ID,1567296677,81.0,-0.92,100.36,80.36,5.82
Bilibino,74.0,RU,1567296677,62.0,68.06,166.44,34.82,1.07
Port Macquarie,19.0,AU,1567296435,77.0,-31.43,152.91,69.01,3.6
Tall Kayf,0.0,TR,1567296678,33.0,37.08,41.07,77.12,2.45
Rubtsovsk,33.0,RU,1567296678,62.0,51.53,81.22,48.32,3.92
Nouadhibou,64.0,MR,1567296678,78.0,20.93,-17.03,75.20,4.1
Klaksvik,100.0,FO,1567296679,81.0,62.23,-6.59,46.40,9.8
Ust-Nera,22.0,RU,1567296679,54.0,64.57,143.24,46.34,0.88
Shache,24.0,CN,1567296680,51.0,38.42,77.24,69.56,3.05
Tingo Maria,84.0,PE,1567296680,96.0,-9.29,-76.01,42.38,1.12
Semey,13.0,KZ,1567296680,59.0,50.41,80.25,50.48,2.9
Bethel,75.0,US,1567296680,55.0,60.79,-161.76,64.40,5.1
Azuaga,7.0,ES,1567296681,42.0,38.26,-5.68,77.00,2.24
Abilene,1.0,US,1567296491,73.0,32.45,-99.73,91.99,3.71
Mae Sai,90.0,MM,1567296681,100.0,20.44,99.89,73.40,2.1
Moerai,78.0,PF,1567296681,69.0,-22.43,-151.33,68.48,6.69
Bakchar,62.0,RU,1567296682,96.0,57.02,82.07,45.62,3.92
Giddalur,100.0,IN,1567296682,90.0,15.38,78.93,74.60,2.23
Lorengau,83.0,PG,1567296682,76.0,-2.02,147.27,82.34,2.59
Ambilobe,33.0,MG,1567296683,88.0,-13.19,49.05,67.04,2.98
Lieksa,92.0,FI,1567296683,95.0,63.32,30.02,55.70,1.38
Alto Araguaia,53.0,BR,1567296683,36.0,-17.32,-53.22,75.32,0.94
Xian,20.0,ES,1567296684,87.0,42.76,-8.49,66.99,1.5
Kabompo,43.0,ZM,1567296684,40.0,-13.6,24.21,64.88,0.53
Ribeira Brava,20.0,PT,1567296685,64.0,32.65,-17.07,69.80,5.1
Waddan,6.0,LY,1567296685,22.0,29.16,16.14,82.16,7.13
Altay,57.0,CN,1567296685,58.0,47.83,88.13,55.52,2.31
Pedernales,23.0,EC,1567296685,89.0,0.07,-80.05,70.46,7.33
Chokurdakh,65.0,RU,1567296686,54.0,70.62,147.9,42.20,3.91
Dingle,93.0,PH,1567296686,86.0,11.0,122.67,77.48,1.23
Morococha,66.0,PE,1567296686,48.0,-11.61,-76.13,44.00,4.01
San Quintin,100.0,PH,1567296686,89.0,17.54,120.52,76.76,0.91
Diamantino,0.0,BR,1567296687,22.0,-14.4,-56.44,82.88,1.89
Merauke,50.0,ID,1567296687,77.0,-8.49,140.4,74.96,8.55
Nova Gradiska,0.0,HR,1567296687,88.0,45.26,17.38,66.20,1.5
Nelson Bay,90.0,AU,1567296688,72.0,-32.72,152.14,64.99,3.6
Nemuro,20.0,JP,1567296587,88.0,43.32,145.57,69.80,1.5
Chateaurenard,0.0,FR,1567296688,73.0,43.88,4.85,71.60,1.0
Qostanay,75.0,KZ,1567296689,87.0,53.17,63.58,46.40,1.0
Alegria,100.0,PH,1567296689,83.0,9.46,125.58,78.92,2.27
Manggar,34.0,ID,1567296432,86.0,-2.88,108.27,77.84,2.56
Sudak,0.0,UA,1567296689,59.0,44.85,34.97,60.56,2.14
Marathon,99.0,CA,1567296690,80.0,48.72,-86.38,55.52,2.83
Inyonga,0.0,TZ,1567296690,42.0,-6.72,32.06,68.12,3.07
Kirakira,100.0,SB,1567296690,76.0,-10.46,161.92,81.26,2.76
Huancavelica,57.0,PE,1567296690,73.0,-12.79,-74.97,37.88,4.02
Tezu,88.0,IN,1567296691,68.0,27.93,96.16,77.12,0.53
Manta,0.0,RO,1567296691,51.0,45.1,24.1,62.72,1.43
Aden,56.0,YE,1567296523,57.0,12.79,45.03,88.82,3.91
Presidente Medici,13.0,BR,1567296691,32.0,-11.18,-61.9,87.38,1.6
Poli,67.0,CM,1567296692,96.0,8.48,13.24,71.18,1.1
Senador Pompeu,37.0,BR,1567296692,49.0,-5.58,-39.37,78.92,1.41
Hatillo,40.0,PR,1567296692,83.0,18.49,-66.83,82.99,1.5
Sawtell,0.0,AU,1567296693,63.0,-30.38,153.1,66.99,4.6
Ribeira Grande,0.0,PT,1567296693,86.0,38.52,-28.7,73.88,1.36
North Bend,90.0,US,1567296693,88.0,43.41,-124.22,71.01,3.6
Demerval Lobao,0.0,BR,1567296694,51.0,-5.36,-42.68,86.00,1.5
Rantepao,31.0,ID,1567296694,91.0,-2.97,119.9,63.80,1.2
Morondava,0.0,MG,1567296694,87.0,-20.3,44.28,73.52,4.9
Korba,83.0,IN,1567296694,93.0,22.35,82.71,75.32,0.87
Myanaung,100.0,MM,1567296694,98.0,18.28,95.32,74.06,2.03
Presidencia Roque Saenz Pena,15.0,AR,1567296695,53.0,-26.79,-60.44,56.42,2.4
Altamira,93.0,BR,1567296695,57.0,-3.2,-52.21,81.98,1.1
Sorrento,75.0,AU,1567296695,82.0,-31.82,115.75,59.00,9.3
Dongsheng,100.0,CN,1567296696,69.0,29.72,112.52,70.82,0.54
Cassilandia,80.0,BR,1567296694,31.0,-19.11,-51.73,80.36,2.12
Bambanglipuro,81.0,ID,1567296696,83.0,-7.95,110.28,74.06,6.72
Aykhal,0.0,RU,1567296696,76.0,65.95,111.51,50.00,1.0
Charters Towers,0.0,AU,1567296697,54.0,-20.07,146.27,71.18,3.37
Hutchinson,75.0,US,1567296687,65.0,38.06,-97.93,79.00,2.6
Okahandja,0.0,NA,1567296697,21.0,-21.98,16.91,50.00,3.6
Albanel,20.0,CA,1567296535,58.0,48.88,-72.44,59.00,3.6
Terra Santa,70.0,BR,1567296698,54.0,-2.1,-56.49,82.16,0.82
Karratha,65.0,AU,1567296698,34.0,-20.74,116.85,76.22,6.01
Ampanihy,0.0,MG,1567296698,46.0,-24.69,44.75,65.96,1.48
Sistranda,0.0,NO,1567296573,59.0,63.73,8.83,66.99,9.8
Cayenne,20.0,GF,1567296698,83.0,4.94,-52.33,78.80,2.58
Ucluelet,90.0,CA,1567296612,93.0,48.94,-125.55,70.00,4.1
Westport,1.0,US,1567296699,59.0,41.14,-73.36,75.20,4.1
Chute-aux-Outardes,1.0,CA,1567296699,41.0,49.12,-68.38,60.80,3.6
Kendari,90.0,ID,1567296601,67.0,-3.99,122.52,78.38,0.94
Rocha,57.0,UY,1567296700,83.0,-34.48,-54.34,43.28,1.74
Mareeba,0.0,AU,1567296700,53.0,-16.99,145.42,77.00,4.1
Ponta Delgada,20.0,PT,1567296570,88.0,37.73,-25.67,71.60,3.1
General Roca,0.0,AR,1567296701,24.0,-39.03,-67.58,57.20,3.6
Vazante,18.0,BR,1567296701,40.0,-17.99,-46.9,71.54,0.42
Ati,100.0,TD,1567296701,64.0,13.21,18.34,81.98,2.69
Cheyenne,1.0,US,1567296460,47.0,41.14,-104.82,84.99,5.1
Lock Haven,1.0,US,1567296702,64.0,41.14,-77.45,69.80,1.69
Jacareacanga,53.0,BR,1567296702,44.0,-6.22,-57.76,82.70,0.89
Choix,100.0,MX,1567296703,85.0,26.71,-108.33,80.18,0.1
Yagodnoye,100.0,RU,1567296703,85.0,62.52,149.63,42.74,0.61
Tomatlan,0.0,MX,1567296703,67.0,19.93,-105.25,84.50,2.3
Yeppoon,1.0,AU,1567296703,49.0,-23.13,150.74,73.40,2.6
Shelburne,1.0,CA,1567296704,55.0,44.08,-80.2,66.20,2.6
Alugan,69.0,PH,1567296704,72.0,12.22,125.48,82.52,0.8
Baft,0.0,IR,1567296704,29.0,29.23,56.61,52.82,4.1
North Battleford,20.0,CA,1567296705,52.0,52.78,-108.3,64.40,2.1
Mantua,20.0,IT,1567296705,83.0,45.16,10.79,77.00,1.5
Morrope,20.0,PE,1567296705,29.0,-6.54,-80.02,66.20,8.2
Matara,22.0,BI,1567296706,81.0,-3.48,29.48,53.18,0.73
Bayji,0.0,IQ,1567296545,25.0,34.93,43.49,85.04,5.38
Nam Som,90.0,TH,1567296706,100.0,17.77,102.19,77.00,2.1
Trairi,6.0,BR,1567296706,81.0,-3.28,-39.27,72.80,2.63
Zhoucheng,0.0,CN,1567296706,88.0,31.35,119.33,71.60,5.0
Warwick,40.0,US,1567296707,49.0,41.7,-71.42,71.60,2.6
Sikonge,20.0,TZ,1567296707,49.0,-5.63,32.75,68.12,1.99
Husavik,57.0,CA,1567296707,73.0,50.56,-96.99,64.99,3.14
Orizona,60.0,BR,1567296708,38.0,-17.03,-48.3,73.70,0.64
Muros,20.0,ES,1567296708,87.0,42.77,-9.06,66.00,1.5
Bauchi,98.0,NG,1567296709,87.0,10.31,9.85,71.54,1.44
Rovaniemi,75.0,FI,1567296709,93.0,66.5,25.72,57.20,2.6
Gryazovets,86.0,RU,1567296709,93.0,58.88,40.25,53.72,1.44
Calabar,100.0,NG,1567296710,95.0,4.98,8.34,73.52,1.16
Guymon,1.0,US,1567296710,51.0,36.68,-101.48,86.00,4.6
Oconomowoc,90.0,US,1567296420,59.0,43.11,-88.5,66.99,2.6
Abha,0.0,SA,1567296710,32.0,18.22,42.5,69.80,1.57
Nizhnevartovsk,40.0,RU,1567296710,87.0,60.93,76.58,50.00,4.0
Carutapera,76.0,BR,1567296711,81.0,-1.2,-46.02,78.38,2.77
Sekoma,0.0,BW,1567296711,27.0,-24.51,23.93,42.02,4.23
Kamenka,54.0,MD,1567296711,87.0,48.03,28.7,60.01,0.44
Grindavik,75.0,IS,1567296711,75.0,63.84,-22.43,46.40,6.2
Rio Gallegos,0.0,AR,1567296658,64.0,-51.62,-69.22,39.20,10.3
Galle,100.0,GN,1567296712,99.0,10.08,-12.83,68.84,0.82
Sept-Iles,20.0,CA,1567296690,41.0,50.2,-66.38,60.80,4.1
Alice Springs,0.0,AU,1567296713,12.0,-23.7,133.88,66.20,2.36
Khovu-Aksy,100.0,RU,1567296713,75.0,51.13,93.72,60.38,9.14
Vilyuysk,80.0,RU,1567296713,73.0,63.75,121.63,56.78,2.36
Tuytepa,0.0,UZ,1567296714,36.0,41.03,69.36,64.40,2.1
Namatanai,94.0,PG,1567296714,79.0,-3.66,152.44,79.46,5.56
Soe,84.0,EE,1567296714,87.0,57.91,26.05,53.01,1.0
Tiarei,40.0,PF,1567296715,61.0,-17.53,-149.33,80.60,8.7
Uruzgan,0.0,AF,1567296715,26.0,32.93,66.63,56.24,3.18
Troitsko-Pechorsk,91.0,RU,1567296715,86.0,62.71,56.19,43.10,3.23
Sinjar,0.0,SY,1567296715,73.0,35.59,37.0,71.36,3.37
Kaeo,100.0,NZ,1567296715,84.0,-35.1,173.78,66.00,2.63
Palana,12.0,RU,1567296716,76.0,59.08,159.95,48.50,4.11
Virginia Beach,1.0,US,1567296458,57.0,36.85,-75.98,82.40,1.5
Lakatoro,98.0,VU,1567296717,80.0,-16.11,167.42,80.54,6.91
Along,99.0,IN,1567296717,83.0,28.17,94.8,62.00,2.68
Kieta,56.0,PG,1567296717,70.0,-6.22,155.63,83.78,1.38
Yumen,65.0,CN,1567296621,21.0,40.29,97.04,70.10,9.83
Nioro,100.0,GM,1567296718,92.0,13.79,-15.05,76.40,2.87
Petropavlovsk-Kamchatskiy,79.0,RU,1567296718,67.0,53.05,158.65,62.60,1.0
Mosquera,40.0,CO,1567296718,59.0,4.71,-74.23,60.80,2.6
Aguimes,75.0,ES,1567296719,73.0,27.91,-15.45,73.40,13.9
Barcelos,41.0,BR,1567296572,87.0,-0.97,-62.93,76.40,0.92
Nuuk,75.0,GL,1567296719,81.0,64.17,-51.74,44.60,3.1
Honavar,100.0,IN,1567296719,82.0,14.28,74.45,81.08,6.52
Cochrane,6.0,CL,1567296719,94.0,-47.25,-72.57,24.20,1.85
Tres Arroyos,100.0,AR,1567296720,51.0,-38.38,-60.28,44.90,3.29
Tateyama,75.0,JP,1567296720,78.0,36.66,137.31,82.00,1.0
Hovd,0.0,NO,1567296720,49.0,63.83,10.7,68.00,6.2
Lakes Entrance,88.0,AU,1567296722,62.0,-37.88,147.99,53.01,4.02
Bathsheba,40.0,BB,1567296627,78.0,13.22,-59.52,82.40,4.1
Kuryk,0.0,KZ,1567296723,44.0,43.18,51.68,60.20,3.55
Coihaique,20.0,CL,1567296424,69.0,-45.58,-72.07,39.20,1.08
Hobyo,2.0,SO,1567296724,84.0,5.35,48.53,75.86,10.73
Panjakent,12.0,UZ,1567296724,42.0,39.5,67.61,62.60,4.1
Gat,20.0,SN,1567296725,88.0,14.69,-16.54,78.80,2.6
Wukari,100.0,NG,1567296725,93.0,7.87,9.78,73.16,3.78
Abrau-Dyurso,0.0,RU,1567296725,55.0,44.7,37.6,64.40,4.0
Mossendjo,41.0,CG,1567296726,90.0,-2.95,12.72,69.02,0.99
Quang Ngai,99.0,VN,1567296429,94.0,15.12,108.8,72.26,0.93
Cururupu,90.0,BR,1567296726,91.0,-1.82,-44.87,74.06,1.93
Ruteng,91.0,ID,1567296727,62.0,-8.61,120.46,76.58,1.61
Riyadh,0.0,SA,1567296727,19.0,24.63,46.72,89.60,2.54
Kalmunai,100.0,LK,1567296728,76.0,7.42,81.82,74.60,0.63
Cooma,3.0,AU,1567296728,65.0,-36.24,149.13,44.60,4.1
Alta Floresta,90.0,BR,1567296728,27.0,-9.87,-56.08,84.50,0.54
Isangel,90.0,VU,1567296729,74.0,-19.55,169.27,80.60,4.6
Emerald,90.0,AU,1567296729,68.0,-23.53,148.16,70.00,1.5
Hofn,39.0,IS,1567296729,79.0,64.25,-15.21,28.88,4.79
Golden,40.0,US,1567296453,19.0,39.76,-105.22,89.60,3.1
Voi,96.0,KE,1567296730,81.0,-3.4,38.57,67.22,2.66
Carrefour,40.0,HT,1567296730,58.0,18.53,-72.41,86.00,7.2
Labuhan,0.0,ID,1567296730,68.0,-2.54,115.51,77.84,0.5
Gejiu,99.0,CN,1567296730,98.0,23.36,103.16,59.84,2.19
Karasjok,76.0,NO,1567296731,100.0,69.47,25.52,48.20,6.2
Leningradskiy,100.0,RU,1567296731,96.0,69.38,178.42,38.60,4.12
Gamba,45.0,CN,1567296731,82.0,28.28,88.52,38.96,0.8
Boras,0.0,SE,1567296732,88.0,57.72,12.94,68.00,5.1
Ginda,45.0,IN,1567296732,92.0,30.69,78.49,58.94,1.05
Show Low,90.0,US,1567296732,15.0,34.25,-110.03,93.99,4.1
Nizhniy Kislyay,17.0,RU,1567296732,67.0,50.86,40.17,56.60,2.07
Uuemoisa,27.0,EE,1567296733,96.0,58.94,23.59,57.00,1.34
Fare,99.0,PF,1567296733,80.0,-16.7,-151.02,74.60,7.57
Ilulissat,40.0,GL,1567296733,33.0,69.22,-51.1,46.40,2.1
Itarema,26.0,BR,1567296733,77.0,-2.92,-39.92,76.58,4.47
Takoradi,100.0,GH,1567296734,93.0,4.89,-1.75,73.88,2.39
Kagadi,94.0,UG,1567296734,88.0,0.95,30.8,65.78,1.21
Hearst,0.0,CA,1567296565,66.0,49.69,-83.67,58.22,1.96
Mizdah,58.0,LY,1567296735,50.0,31.45,12.98,71.36,3.05
